Product,Category,LeasableStatus,Category Predicted by Model
glock g43x subcompact semi auto pistol,Handguns: Centerfire Pistols &amp; Revolvers | Bass Pro Shops,FALSE,Mobiles & Tablets/Accessories/Phone Cases
glock 19 gen5 fs semi auto pistol,Handguns: Centerfire Pistols &amp; Revolvers | Bass Pro Shops,FALSE,Mobiles & Tablets/Accessories/Phone Cases
glock g43x mos optics ready semi auto pistol,Handguns: Centerfire Pistols &amp; Revolvers | Bass Pro Shops,FALSE,Home & Living/Home Décor/Safety & Security
sig sauer p365 x macro compensated semi auto pistol with xray3 night sights,Handguns: Centerfire Pistols &amp; Revolvers | Bass Pro Shops,TRUE,"TV, Audio / Video, Gaming & Wearables/Audio/Portable Players"
glock 19x semi auto pistol with coyote finish,Handguns: Centerfire Pistols &amp; Revolvers | Bass Pro Shops,FALSE,Home & Living/Home Décor/Other Home Decorations
ruger security 380 semi auto pistol,Handguns: Centerfire Pistols &amp; Revolvers | Bass Pro Shops,FALSE,Home & Living/Home Décor/Safety & Security
glock g19 semi auto pistol,Handguns: Centerfire Pistols &amp; Revolvers | Bass Pro Shops,FALSE,Mobiles & Tablets/Accessories/Phone Cases
glock 43 subcompact semi auto pistol,Handguns: Centerfire Pistols &amp; Revolvers | Bass Pro Shops,FALSE,Mobiles & Tablets/Accessories/Phone Cases
glock 19 gen5 mos fs semi auto pistol,Handguns: Centerfire Pistols &amp; Revolvers | Bass Pro Shops,FALSE,Mobiles & Tablets/Accessories/Phone Cases
sig sauer p320 rxp x full size semi auto pistol with romeo1 pro optic,Handguns: Centerfire Pistols &amp; Revolvers | Bass Pro Shops,FALSE,"TV, Audio / Video, Gaming & Wearables/Gaming/PS4"
Ruger LCP Semi Auto Pistol,Handguns: Centerfire Pistols &amp; Revolvers | Bass Pro Shops,FALSE,Mobiles & Tablets/Accessories/Phone Cases
sig sauer p365 xl micro compact semi auto handgun with manual safety,Handguns: Centerfire Pistols &amp; Revolvers | Bass Pro Shops,FALSE,Home & Living/Home Improvement/Safety & Security
sig sauer p320 rxp compact 2 tone semi auto pistol with romeo1 pro optic,Handguns: Centerfire Pistols &amp; Revolvers | Bass Pro Shops,TRUE,"TV, Audio / Video, Gaming & Wearables/Wearable Technology/Smart Watches"
glock 26 gen5 9mm subcompact semi auto pistol,Handguns: Centerfire Pistols &amp; Revolvers | Bass Pro Shops,FALSE,Mobiles & Tablets/Accessories/Phone Cases
canik mete mc9 semi auto pistol,Handguns: Centerfire Pistols &amp; Revolvers | Bass Pro Shops,FALSE,Mobiles & Tablets/Accessories/Phone Cases
canik tp9sfx semi auto pistol with full accessory pack,Handguns: Centerfire Pistols &amp; Revolvers | Bass Pro Shops,FALSE,Fashion/Women/Bags
taurus g3c compact semi auto pistol,Handguns: Centerfire Pistols &amp; Revolvers | Bass Pro Shops,FALSE,Mobiles & Tablets/Accessories/Phone Cases
glock g45 compact semi auto pistol,Handguns: Centerfire Pistols &amp; Revolvers | Bass Pro Shops,FALSE,Mobiles & Tablets/Accessories/Phone Cases
glock g17 semi auto pistol,Handguns: Centerfire Pistols &amp; Revolvers | Bass Pro Shops,FALSE,Mobiles & Tablets/Accessories/Phone Cases
glock 23 gen5 40 sw semi auto pistol,Handguns: Centerfire Pistols &amp; Revolvers | Bass Pro Shops,FALSE,Mobiles & Tablets/Accessories/Phone Cases
ruger lcp max semi auto pistol,Handguns: Centerfire Pistols &amp; Revolvers | Bass Pro Shops,FALSE,Mobiles & Tablets/Accessories/Phone Cases
sig sauer p320 m18 semi auto pistol,Handguns: Centerfire Pistols &amp; Revolvers | Bass Pro Shops,FALSE,Mobiles & Tablets/Accessories/Phone Cases
beretta apx a1 carry semi auto pistol,Handguns: Centerfire Pistols &amp; Revolvers | Bass Pro Shops,TRUE,Computers & Laptops/Computer Accessories/Gadgets
smith wesson mp shield ez semi auto pistol with thumb safety,Handguns: Centerfire Pistols &amp; Revolvers | Bass Pro Shops,FALSE,Home & Living/Home Décor/Other Home Decorations
springfield armory hellcat micro compact osp handgun with manual safety,Handguns: Centerfire Pistols &amp; Revolvers | Bass Pro Shops,FALSE,Home & Living/Home Improvement/Safety & Security
sig sauer p365 optic ready semi auto pistol with x ray3 night sights and manual safety 101418895,Handguns: Centerfire Pistols &amp; Revolvers | Bass Pro Shops,TRUE,Home & Living/Home Improvement/Other Home Decorations
springfield armory xd m elite tactical osp semi auto handgun in desert fde,Handguns: Centerfire Pistols &amp; Revolvers | Bass Pro Shops,FALSE,Home & Living/Home Improvement/Housekeeping & Laundry
glock g17 gen5 full size semi auto pistol,Handguns: Centerfire Pistols &amp; Revolvers | Bass Pro Shops,FALSE,Mobiles & Tablets/Accessories/Phone Cases
cz p 10 m micro sized semi auto pistol,Handguns: Centerfire Pistols &amp; Revolvers | Bass Pro Shops,FALSE,Home & Living/Home Décor/Hardware
glock 43x mos semi auto pistol with shield ms3,Handguns: Centerfire Pistols &amp; Revolvers | Bass Pro Shops,TRUE,"TV, Audio / Video, Gaming & Wearables/Wearable Technology/Smart Watches"
cz p 07 semi auto pistol,Handguns: Centerfire Pistols &amp; Revolvers | Bass Pro Shops,FALSE,"TV, Audio / Video, Gaming & Wearables/TV Accessories/Wall Mounts & Protectors"
100024385 ruger lc9s semi auto pistol 100024385,Handguns: Centerfire Pistols &amp; Revolvers | Bass Pro Shops,FALSE,Mobiles & Tablets/Accessories/Phone Cases
savage arms 110 vsx hunter xp bolt action rifle with vortex diamondback scope combo,Centerfire | Bass Pro Shops,FALSE,Home & Living/Home Improvement/Other Home Decorations/overwritten
traditions nitrofire vapr twist muzzleloader rifle with scope in mossy oak break up country,Centerfire | Bass Pro Shops,FALSE,Home & Living/Stationery/Novelty
tikka t3x lite d 18 bolt action rifle with vsx stock,Centerfire | Bass Pro Shops,FALSE,Fashion/Men/Shoes
ruger american rifle hunter bolt action rifle,Centerfire | Bass Pro Shops,FALSE,Fashion/Men/Accessories
traditions nitrofire vapr twist cerakote muzzleloader rifle,Centerfire | Bass Pro Shops,FALSE,Home & Living/Stationery/Arts & Crafts
benelli lupo bolt action rifle display model cosmetic damage,Centerfire | Bass Pro Shops,FALSE,Health & Beauty/Makeup/Makeup Accessories
winchester xpr vortex bolt action rifle and scope combo,Centerfire | Bass Pro Shops,FALSE,Home & Living/Home Improvement/Safety & Security
savage axis ii precision cerakote od green bolt action rifle,Centerfire | Bass Pro Shops,FALSE,Fashion/Men/Accessories
browning ab3 composite stalker bolt action rifle with leupold vx freedom scope combo,Centerfire | Bass Pro Shops,FALSE,Fashion/Men/Accessories
savage arms axis ii xp truetimber vsx bolt action rifle,Centerfire | Bass Pro Shops,FALSE,Fashion/Men/Accessories
ruger american rifle ranch bolt action rifle with threaded barrel,Centerfire | Bass Pro Shops,FALSE,Fashion/Men/Clothing
savage 110 magpul hunter bolt action rifle exclusive,Centerfire | Bass Pro Shops,FALSE,Fashion/Men/Accessories
bergara b 14 hmr bolt action rifle,Centerfire | Bass Pro Shops,FALSE,Fashion/Men/Accessories
henry x model lever action rifle,Centerfire | Bass Pro Shops,FALSE,Home & Living/Home Improvement/Power Tools Accessories/overwritten
savage arms axis ii xp truetimber vsx bolt action rifle with threaded barrel,Centerfire | Bass Pro Shops,FALSE,Fashion/Men/Accessories
browning x bolt hells canyon max lr bolt action rifle,Centerfire | Bass Pro Shops,FALSE,Fashion/Men/Accessories
browning x bolt max long range bolt action rifle,Centerfire | Bass Pro Shops,FALSE,Fashion/Men/Accessories
browning x bolt speed long range bolt action rifle,Centerfire | Bass Pro Shops,FALSE,Fashion/Men/Accessories
fierce firearms carbon rogue bolt action rifle,Centerfire | Bass Pro Shops,FALSE,Fashion/Men/Clothing
tikka t3x superlite bolt action rifle in truetimber vsx,Centerfire | Bass Pro Shops,FALSE,Fashion/Men/Accessories
tikka t3x lite stainless steel bolt action rifle,Centerfire | Bass Pro Shops,FALSE,Fashion/Men/Accessories
mossberg patriot predator bolt action rifle with cerakote finish,Centerfire | Bass Pro Shops,FALSE,Fashion/Men/Shoes
tikka t3x laminated stainless bolt action rifle,Centerfire | Bass Pro Shops,FALSE,Home & Living/Home Improvement/Safety & Security
traditions nitrofire vapr twist cerakote muzzleloader rifle with scope,Centerfire | Bass Pro Shops,FALSE,Home & Living/Stationery/Paper Products
remington 700 adl bolt action rifle,Centerfire | Bass Pro Shops,FALSE,Fashion/Men/Accessories
christensen arms traverse bolt action rifle,Centerfire | Bass Pro Shops,FALSE,Fashion/Men/Accessories
bergara b 14 hmr carbon wilderness bolt action rifle,Centerfire | Bass Pro Shops,FALSE,Fashion/Men/Accessories
traditions nitrofire vapr twist cerakote camo muzzleloader rifle,Centerfire | Bass Pro Shops,FALSE,Home & Living/Stationery/Arts & Crafts
sauer 100 classic xt bolt action rifle,Centerfire | Bass Pro Shops,FALSE,Fashion/Men/Shoes
browning x bolt hells canyon mcmillan lr bolt action rifle,Centerfire | Bass Pro Shops,FALSE,Fashion/Men/Accessories
cva scout v2 takedown single shot rifle,Centerfire | Bass Pro Shops,FALSE,Home & Living/Home Improvement/Other Home Decorations/overwritten
ruger american predator bolt action rifle with vortex crossfire ii scope,Centerfire | Bass Pro Shops,FALSE,Fashion/Men/Shoes
ruger 1022 carbine semi auto rimfire rifle with viridian scope,Rimfire Rifles | .22 Rifles | Bass Pro Shops,FALSE,Home & Living/Stationery/School & Office Accessories
smith wesson mp 15 22 sport rimfire rifle,Rimfire Rifles | .22 Rifles | Bass Pro Shops,FALSE,Fashion/Men/Wallets & Accessories
henry classic lever action rimfire rifle,Rimfire Rifles | .22 Rifles | Bass Pro Shops,FALSE,Fashion/Men/Wallets & Accessories
hk mp5 22 lr semi auto rifle with faux suppressor barrel shroud,Rimfire Rifles | .22 Rifles | Bass Pro Shops,FALSE,Fashion/Women/Wallets & Accessories
henry us survival ar 7 semi auto rimfire rifle,Rimfire Rifles | .22 Rifles | Bass Pro Shops,FALSE,Home & Living/Home Improvement/Electrical/overwritten
Savage Mark II FV SR Bolt Action Rimfire Rifle,Rimfire Rifles | .22 Rifles | Bass Pro Shops,FALSE,Fashion/Men/Accessories
henry golden boy lever action rimfire rifle,Rimfire Rifles | .22 Rifles | Bass Pro Shops,FALSE,Fashion/Men/Accessories
Ruger 1022 Carbine Semi Auto Rimfire Rifle,Rimfire Rifles | .22 Rifles | Bass Pro Shops,FALSE,Home & Living/Stationery/School & Office Accessories
rossi rs22 semi auto rimfire rifle with threaded barrel,Rimfire Rifles | .22 Rifles | Bass Pro Shops,FALSE,Home & Living/Stationery/Arts & Crafts
hk 416 semi auto rimfire rifle,Rimfire Rifles | .22 Rifles | Bass Pro Shops,FALSE,Mobiles & Tablets/Accessories/Chargers/overwritten
henry 22 magnum lever action rimfire rifle,Rimfire Rifles | .22 Rifles | Bass Pro Shops,FALSE,Fashion/Men/Accessories
henry rimfire lever action rifle with large loop lever,Rimfire Rifles | .22 Rifles | Bass Pro Shops,FALSE,Home & Living/Home Improvement/Safety & Security
savage arms 64f semi auto rimfire rifle,Rimfire Rifles | .22 Rifles | Bass Pro Shops,FALSE,"TV, Audio / Video, Gaming & Wearables/Gaming/PS4"
winchester xpert rimfire bolt action rifle,Rimfire Rifles | .22 Rifles | Bass Pro Shops,FALSE,Fashion/Men/Accessories
winchester wildcat sr semi auto rimfire rifle,Rimfire Rifles | .22 Rifles | Bass Pro Shops,FALSE,Home & Living/Home Improvement/Measuring & Levelling/overwritten
winchester wildcat semi auto rimfire rifle,Rimfire Rifles | .22 Rifles | Bass Pro Shops,FALSE,"Fashion/Women/Lingerie, Sleep & Lounge"
savage 93 fv 22 wmr bolt action rimfire rifle,Rimfire Rifles | .22 Rifles | Bass Pro Shops,FALSE,Fashion/Men/Accessories
smith wesson mp15 22 sport m lok semi auto rifle,Rimfire Rifles | .22 Rifles | Bass Pro Shops,FALSE,Fashion/Women/Wallets & Accessories
ruger 10 22 tactical semi auto rifle with ati ar 22 stock system,Rimfire Rifles | .22 Rifles | Bass Pro Shops,FALSE,Home & Living/Home Improvement/Electrical/overwritten
Ruger 1022 Carbine Semi Auto Rimfire Rifle with Stainless Steel Barrel,Rimfire Rifles | .22 Rifles | Bass Pro Shops,FALSE,Home & Living/Stationery/School & Office Accessories
henry octagon frontier lever action rimfire rifle,Rimfire Rifles | .22 Rifles | Bass Pro Shops,FALSE,Fashion/Men/Accessories
savage arms 93 fxp bolt action rimfire rifle black,Rimfire Rifles | .22 Rifles | Bass Pro Shops,FALSE,Fashion/Men/Accessories
savage rascal single shot bolt action rimfire compact rifle,Rimfire Rifles | .22 Rifles | Bass Pro Shops,FALSE,Home & Living/Home Improvement/Other Home Decorations/overwritten
ruger 10 22 truetimber carbine semi auto rimfire rifle,Rimfire Rifles | .22 Rifles | Bass Pro Shops,FALSE,Home & Living/Stationery/School & Office Accessories
ruger 10 22 truetimber midnight carbine semi auto rimfire rifle,Rimfire Rifles | .22 Rifles | Bass Pro Shops,FALSE,Fashion/Women/Wallets & Accessories
cz 457 american bolt action rimfire rifle,Rimfire Rifles | .22 Rifles | Bass Pro Shops,FALSE,Fashion/Boys/Accessories
savage arms rascal target single shot bolt action rimfire rifle,Rimfire Rifles | .22 Rifles | Bass Pro Shops,FALSE,Fashion/Men/Accessories
Savage 93R17 BTV Bolt Action Rimfire Rifle with Green Laminate Stock,Rimfire Rifles | .22 Rifles | Bass Pro Shops,FALSE,Fashion/Men/Accessories
cz 457 jaguar bolt action rimfire rifle,Rimfire Rifles | .22 Rifles | Bass Pro Shops,FALSE,Fashion/Men/Accessories
ruger 10 22 takedown semi auto rimfire rifle,Rimfire Rifles | .22 Rifles | Bass Pro Shops,FALSE,Home & Living/Stationery/School & Office Accessories
ruger 10 22 takedown semi auto rifle with magpul x 22 backpacker stock,Rimfire Rifles | .22 Rifles | Bass Pro Shops,FALSE,Home & Living/Stationery/School & Office Accessories
volquartsen vm 22 semi auto rimfire rifle with magpul stock,Rimfire Rifles | .22 Rifles | Bass Pro Shops,FALSE,Home & Living/Stationery/School & Office Accessories
winchester sx4 waterfowl hunter semi auto shotgun in truetimber drt,Shotguns | Bass Pro Shops,FALSE,Fashion/Men/Bags
benelli super black eagle 3 semi auto shotgun with gore optifade concealment waterfowl marsh and cerakote finish,Shotguns | Bass Pro Shops,TRUE,Home & Living/Home Improvement/Other Home Decorations
stoeger m3000 semi auto shotgun with burnt bronze cerakote finish,Shotguns | Bass Pro Shops,FALSE,Fashion/Women/Bags
remington 870 fieldmaster pump action shotgun,Shotguns | Bass Pro Shops,FALSE,Fashion/Men/Accessories
benelli nova pump action shotgun,Shotguns | Bass Pro Shops,TRUE,Home & Living/Outdoor & Garden/Outdoor Décor
beretta a300 ultima semi auto shotgun,Shotguns | Bass Pro Shops,FALSE,Home & Living/Stationery/Arts & Crafts
benelli super black eagle 3 semi auto shotgun 101032873,Shotguns | Bass Pro Shops,TRUE,Home & Living/Home Improvement/Electrical
Mossberg 500 Pump Action Shotgun,Shotguns | Bass Pro Shops,FALSE,Fashion/Women/Bags
winchester sxp extreme defender fde tactical pump action shotgun,Shotguns | Bass Pro Shops,TRUE,Home & Living/Outdoor & Garden/Lawn & Garden
remington 870 tactical synthetic pump action shotgun,Shotguns | Bass Pro Shops,FALSE,Home & Living/Home Improvement/Hardware
savage stevens 320 security thumbhole pump action shotgun with ghost ring sights,Shotguns | Bass Pro Shops,FALSE,Home & Living/Home Improvement/Safety & Security
beretta a400 xtreme plus semi auto shotgun in truetimber prairie,Shotguns | Bass Pro Shops,TRUE,Home & Living/Home Improvement/Electrical
savage 220 xp bolt action slug shotgun with scope combo with truetimber strata,Shotguns | Bass Pro Shops,TRUE,"Home & Living/Home Improvement/Curtains, Blinds & Shades"
tristar cobra iii field wood pump action shotgun,Shotguns | Bass Pro Shops,TRUE,Home & Living/Outdoor & Garden/Lawn & Garden
benelli m1014 limited edition shotgun,Shotguns | Bass Pro Shops,FALSE,Home & Living/Home Improvement/Housekeeping & Laundry
winchester sxp shadow defender pump action shotgun,Shotguns | Bass Pro Shops,FALSE,Fashion/Men/Bags
benelli super black eagle 3 semi auto shotgun in gore optifade concealment waterfowl marsh camo,Shotguns | Bass Pro Shops,TRUE,Home & Living/Home Improvement/Electrical
winchester sxp black shadow pump action shotgun,Shotguns | Bass Pro Shops,FALSE,Fashion/Men/Shoes
mossberg 500 tactical jic cruiser shotgun,Shotguns | Bass Pro Shops,FALSE,Home & Living/Home Improvement/Safety & Security
benelli super black eagle iii semi auto shotgun in gore optifade camo,Shotguns | Bass Pro Shops,TRUE,Home & Living/Home Improvement/Electrical
benelli nova tactical pump action shotgun,Shotguns | Bass Pro Shops,TRUE,Home & Living/Outdoor & Garden/Outdoor Décor
franchi affinity 3 semi auto shotgun,Shotguns | Bass Pro Shops,TRUE,Mobiles & Tablets/Accessories/Cables
stevens model 555 silver over under shotgun,Shotguns | Bass Pro Shops,TRUE,Home & Living/Home Improvement/Electrical
stoeger condor field synthetic stock over under shotgun,Shotguns | Bass Pro Shops,FALSE,Home & Living/Kitchen & Dining/Tableware
benelli supernova tactical pump action shotgun,Shotguns | Bass Pro Shops,TRUE,Home & Living/Outdoor & Garden/Outdoor Décor
stoeger p3000 pump action shotgun,Shotguns | Bass Pro Shops,FALSE,Fashion/Women/Bags
franchi affinity 3 semi auto shotgun in truetimber drt camo,Shotguns | Bass Pro Shops,TRUE,Home & Living/Home Improvement/Measuring & Levelling
benelli nova pump action shotgun in truetimber drt camo,Shotguns | Bass Pro Shops,TRUE,Home & Living/Outdoor & Garden/Outdoor Décor
winchester sxp woodland hybrid defender pump action shotgun,Shotguns | Bass Pro Shops,TRUE,Mobiles & Tablets/Accessories/Cables
mossberg 590a1 9 round pump action shotgun with shell storage mlok forend and xs ghost ring,Shotguns | Bass Pro Shops,TRUE,Home & Living/Home Improvement/Other Home Decorations
cz drake over under shotgun,Shotguns | Bass Pro Shops,FALSE,Watches Sunglasses Jewellery/Watches/Women
blackwater sentry 12 tactical pump action shotgun,Shotguns | Bass Pro Shops,TRUE,Home & Living/Outdoor & Garden/Outdoor Décor
blackout intrigue xst rth compound bow package,Bows &amp; Compound Bows | Bass Pro Shops,FALSE,Fashion/Women/Shoes
blackout faze compound bow package,Bows &amp; Compound Bows | Bass Pro Shops,FALSE,Fashion/Women/Shoes
cabelas endure rth compound bow package,Bows &amp; Compound Bows | Bass Pro Shops,FALSE,Health & Beauty/Makeup/Makeup Accessories
cabelas uproar compound bow rth package,Bows &amp; Compound Bows | Bass Pro Shops,FALSE,Health & Beauty/Food Supplements/Weight Management
blackout nv 3 compound bow,Bows &amp; Compound Bows | Bass Pro Shops,FALSE,Home & Living/Home Décor/Safety & Security
blackout nv 32 compound bow,Bows &amp; Compound Bows | Bass Pro Shops,FALSE,Home & Living/Home Décor/Safety & Security
blackout distinct compound bow package,Bows &amp; Compound Bows | Bass Pro Shops,FALSE,Fashion/Women/Shoes
cabelas warden 62 recurve bow,Bows &amp; Compound Bows | Bass Pro Shops,FALSE,Home & Living/Stationery/Arts & Crafts
blackout pursuit rth compound bow package,Bows &amp; Compound Bows | Bass Pro Shops,FALSE,Fashion/Women/Shoes
bear archery species ev rth compound bow package,Bows &amp; Compound Bows | Bass Pro Shops,FALSE,Fashion/Women/Bags
blackout epic x2 compound bow package,Bows &amp; Compound Bows | Bass Pro Shops,FALSE,Health & Beauty/Makeup/Face
blackout epic compound bow package,Bows &amp; Compound Bows | Bass Pro Shops,FALSE,Health & Beauty/Makeup/Face
bear archery species ev rth extra compound bow package,Bows &amp; Compound Bows | Bass Pro Shops,FALSE,Fashion/Women/Bags
pse guide compound bow package for youth,Bows &amp; Compound Bows | Bass Pro Shops,FALSE,"Fashion/Women/Lingerie, Sleep & Lounge"
bear archery limitless rth compound bow package,Bows &amp; Compound Bows | Bass Pro Shops,FALSE,Health & Beauty/Food Supplements/Weight Management
cabelas optimus rth compound bow package,Bows &amp; Compound Bows | Bass Pro Shops,FALSE,"Fashion/Women/Lingerie, Sleep & Lounge"
bear archery adapt rth compound bow package,Bows &amp; Compound Bows | Bass Pro Shops,FALSE,Health & Beauty/Food Supplements/Weight Management
PSE Archery Mini Burner RTS Compound Bow Package,Bows &amp; Compound Bows | Bass Pro Shops,FALSE,Health & Beauty/Food Supplements/Weight Management
diamond by bowtech edge xt compound bow package,Bows &amp; Compound Bows | Bass Pro Shops,FALSE,Health & Beauty/Makeup/Face
bear archery legit rth compound bow package,Bows &amp; Compound Bows | Bass Pro Shops,FALSE,Health & Beauty/Food Supplements/Weight Management
diamond by bowtech deploy sb rak compound bow package,Bows &amp; Compound Bows | Bass Pro Shops,FALSE,Health & Beauty/Food Supplements/Weight Management
diamond by bowtech edge max compound bow package,Bows &amp; Compound Bows | Bass Pro Shops,FALSE,Health & Beauty/Food Supplements/Weight Management
pse archery stinger atk rts compound bow package,Bows &amp; Compound Bows | Bass Pro Shops,FALSE,Fashion/Women/Clothing
pse archery uprising rts compound bow package,Bows &amp; Compound Bows | Bass Pro Shops,FALSE,Fashion/Women/Clothing
diamond by bowtech alter rak compound bow package,Bows &amp; Compound Bows | Bass Pro Shops,FALSE,Health & Beauty/Food Supplements/Weight Management
bear archery trace hc rth compound bow package,Bows &amp; Compound Bows | Bass Pro Shops,FALSE,Health & Beauty/Makeup/Face
bear archery goblin youth bow package,Bows &amp; Compound Bows | Bass Pro Shops,FALSE,Health & Beauty/Food Supplements/Weight Management
vista monarch 54 recurve bow,Bows &amp; Compound Bows | Bass Pro Shops,FALSE,Home & Living/Stationery/Arts & Crafts
bear archery resurgence rth compound bow package,Bows &amp; Compound Bows | Bass Pro Shops,FALSE,Health & Beauty/Food Supplements/Weight Management
original genesis compound bow kits,Bows &amp; Compound Bows | Bass Pro Shops,FALSE,Home & Living/Stationery/School & Office Accessories
diamond by bowtech edge 320 rak compound bow package,Bows &amp; Compound Bows | Bass Pro Shops,FALSE,Health & Beauty/Makeup/Makeup Accessories
bear archery pathfinder rth compound bow package for youth,Bows &amp; Compound Bows | Bass Pro Shops,FALSE,"Fashion/Women/Lingerie, Sleep & Lounge"
rage hypodermic crossbow broadhead,Broadheads Broadhead Accessories &amp; Field Points | Bass Pro Shops,FALSE,Fashion/Women/Clothing
rage hypodermic broadheads,Broadheads Broadhead Accessories &amp; Field Points | Bass Pro Shops,FALSE,Fashion/Women/Clothing
blackout field points,Broadheads Broadhead Accessories &amp; Field Points | Bass Pro Shops,FALSE,"Home & Living/Home Décor/Curtains, Blinds & Shades"
g5 megameat mechanical broadhead,Broadheads Broadhead Accessories &amp; Field Points | Bass Pro Shops,TRUE,Home Appliances/Small Kitchen Appliances/Juicers & Fruit Extractors
blackout fxd cut on contact fixed blade broadheads,Broadheads Broadhead Accessories &amp; Field Points | Bass Pro Shops,FALSE,Home & Living/Stationery/Paper Products
g5 outdoors deadmeat expandable broadhead,Broadheads Broadhead Accessories &amp; Field Points | Bass Pro Shops,FALSE,Fashion/Men/Bags
blackout toxik fixed blade broadheads or replacement blades,Broadheads Broadhead Accessories &amp; Field Points | Bass Pro Shops,FALSE,Home & Living/Home Décor/Safety & Security
new archery products spitfire 3 blade mechanical broadheads,Broadheads Broadhead Accessories &amp; Field Points | Bass Pro Shops,FALSE,Health & Beauty/Food Supplements/Well Being
rage x treme expandable broadheads replacement shock collars,Broadheads Broadhead Accessories &amp; Field Points | Bass Pro Shops,FALSE,Home & Living/Stationery/School & Office Accessories
blackout lazer strike ii expandable broadhead,Broadheads Broadhead Accessories &amp; Field Points | Bass Pro Shops,FALSE,Home & Living/Stationery/Paper Products
100957054 blackout easy pull field points 100957054,Broadheads Broadhead Accessories &amp; Field Points | Bass Pro Shops,FALSE,Home & Living/Stationery/Paper Products
g5 megameat crossbow broadhead,Broadheads Broadhead Accessories &amp; Field Points | Bass Pro Shops,TRUE,Home Appliances/Small Kitchen Appliances/Food Preparation
sik broadheads sk2 2 blade expandable broadhead,Broadheads Broadhead Accessories &amp; Field Points | Bass Pro Shops,FALSE,Home & Living/Stationery/Arts & Crafts
muzzy 3 blade fixed blade crossbow broadhead,Broadheads Broadhead Accessories &amp; Field Points | Bass Pro Shops,TRUE,Computers & Laptops/Desktops Computers/All-In-One
rage hypodermic trypan nc expandable broadhead,Broadheads Broadhead Accessories &amp; Field Points | Bass Pro Shops,FALSE,Fashion/Men/Clothing
g5 outdoors montec fixed blade broadheads,Broadheads Broadhead Accessories &amp; Field Points | Bass Pro Shops,FALSE,Home & Living/Home Improvement/Safety & Security
swhacker levi morgan 261 mechanical broadheads,Broadheads Broadhead Accessories &amp; Field Points | Bass Pro Shops,FALSE,Watches Sunglasses Jewellery/Eyewear/Men
G5 Outdoors Deadmeat BMP Practice Broadhead,Broadheads Broadhead Accessories &amp; Field Points | Bass Pro Shops,FALSE,Fashion/Men/Clothing
magnus stinger buzzcut fixed blade broadhead,Broadheads Broadhead Accessories &amp; Field Points | Bass Pro Shops,TRUE,Computers & Laptops/Desktops Computers/All-In-One
grim reaper razortip whitetail special mechanical broadheads,Broadheads Broadhead Accessories &amp; Field Points | Bass Pro Shops,FALSE,Health & Beauty/Food Supplements/Well Being
muzzy trocar hbx crossbow broadhead,Broadheads Broadhead Accessories &amp; Field Points | Bass Pro Shops,TRUE,Home Appliances/Small Kitchen Appliances/Food Preparation
muzzy trocar broadhead,Broadheads Broadhead Accessories &amp; Field Points | Bass Pro Shops,TRUE,Home Appliances/Small Kitchen Appliances/Food Preparation
magnus stinger fixed blade broadheads,Broadheads Broadhead Accessories &amp; Field Points | Bass Pro Shops,TRUE,Computers & Laptops/Desktops Computers/All-In-One
quality archery designs exodus standard broadhead,Broadheads Broadhead Accessories &amp; Field Points | Bass Pro Shops,FALSE,Fashion/Men/Clothing
blackout gator expandable broadheads,Broadheads Broadhead Accessories &amp; Field Points | Bass Pro Shops,FALSE,Home & Living/Home Décor/Safety & Security
G5 Outdoors Torkee Broadhead Torque Wrench,Broadheads Broadhead Accessories &amp; Field Points | Bass Pro Shops,TRUE,Home & Living/Home Improvement/Hand Tools
blackout advocate small game broadhead,Broadheads Broadhead Accessories &amp; Field Points | Bass Pro Shops,FALSE,"Home & Living/Home Décor/Curtains, Blinds & Shades"
rage hypodermic crossbow nc expandable crossbow broadhead or replacement blades,Broadheads Broadhead Accessories &amp; Field Points | Bass Pro Shops,TRUE,Home & Living/Home Improvement/Bathroom Fixtures
blackout gator ss expandable broadhead,Broadheads Broadhead Accessories &amp; Field Points | Bass Pro Shops,FALSE,"Home & Living/Home Décor/Curtains, Blinds & Shades"
grim reaper razorcut whitetail special mechanical broadheads,Broadheads Broadhead Accessories &amp; Field Points | Bass Pro Shops,FALSE,Health & Beauty/Food Supplements/Well Being
g5 outdoors montec cs fixed blade broadheads,Broadheads Broadhead Accessories &amp; Field Points | Bass Pro Shops,FALSE,Home & Living/Home Improvement/Safety & Security
rage extreme 4 blade hybrid broadhead,Broadheads Broadhead Accessories &amp; Field Points | Bass Pro Shops,FALSE,Mobiles & Tablets/Accessories/Phone Cases
flambeau outdoors scrapper buck deer decoy,Deer &amp; Big Game Decoys | Bass Pro Shops,TRUE,Home & Living/Home Improvement/Hand Tools
flambeau boss buck deer decoy,Deer &amp; Big Game Decoys | Bass Pro Shops,FALSE,Home & Living/Stationery/Arts & Crafts
flambeau boss babe deer decoy,Deer &amp; Big Game Decoys | Bass Pro Shops,FALSE,Home & Living/Stationery/Arts & Crafts
montana whitetail dream team decoy combo,Deer &amp; Big Game Decoys | Bass Pro Shops,TRUE,Home & Living/Bedding/Bedding Sets
montana decoy the freshman whitetail buck decoy,Deer &amp; Big Game Decoys | Bass Pro Shops,TRUE,Home Appliances/Small Kitchen Appliances/Speciality Cookware
montana decoy moose ii decoy,Deer &amp; Big Game Decoys | Bass Pro Shops,FALSE,Watches Sunglasses Jewellery/Jewellery/Women
montana decoy inc cow elk collapsible decoy combo eichler elk,Deer &amp; Big Game Decoys | Bass Pro Shops,FALSE,Home & Living/Kitchen & Dining/Kitchen Tools & Accessories
montana decoy rmef collapsible cow elk decoy,Deer &amp; Big Game Decoys | Bass Pro Shops,TRUE,Home & Living/Storage & Organisation/Kitchen Storage
montana decoy miss muley collapsible doe mule deer decoy,Deer &amp; Big Game Decoys | Bass Pro Shops,FALSE,Health & Beauty/Personal Care/Oral Care
montana decoy big red moo cow decoy,Deer &amp; Big Game Decoys | Bass Pro Shops,TRUE,Home & Living/Furniture/Kitchen & Dining Furniture
montana decoy miss september cow elk collapsible decoy,Deer &amp; Big Game Decoys | Bass Pro Shops,TRUE,Home & Living/Storage & Organisation/Clothes Organizers
killer gear antelope fan decoy,Deer &amp; Big Game Decoys | Bass Pro Shops,TRUE,Home Appliances/Small Kitchen Appliances/Coffee Machines & Accessories
montana decoy fred eichler antelope decoy,Deer &amp; Big Game Decoys | Bass Pro Shops,TRUE,Home & Living/Home Improvement/Wall Art
rinehart targets doloma antelope decoy,Deer &amp; Big Game Decoys | Bass Pro Shops,FALSE,Home & Living/Stationery/Arts & Crafts
flextone rabbit motion decoy,Deer &amp; Big Game Decoys | Bass Pro Shops,FALSE,Home & Living/Kitchen & Dining/Cookware
cva optima v2 209 50 caliber muzzleloader with scope combo,Black Powder Guns | Bass Pro Shops,FALSE,Home & Living/Stationery/School & Office Accessories
traditions buckstalker xt muzzleloader,Black Powder Guns | Bass Pro Shops,FALSE,Home & Living/Home Décor/Other Home Decorations
cva wolf v2 break action muzzleloader with scope and rifle case combo,Black Powder Guns | Bass Pro Shops,FALSE,Home & Living/Stationery/Paper Products
traditions buckstalker xt muzzleloader rifle with synthetic stock,Black Powder Guns | Bass Pro Shops,FALSE,Home & Living/Home Décor/Other Home Decorations
cva accura mr x cerakote sniper fde nitride truetimber strata muzzleloader rifle,Black Powder Guns | Bass Pro Shops,FALSE,Home & Living/Stationery/Arts & Crafts
traditions buckstalker xt redi pak muzzleloader with deluxe scope combo,Black Powder Guns | Bass Pro Shops,TRUE,Home Appliances/Cooling & Heating/Air Conditioners
traditions pursuit xt chromoly barrel camo muzzleloader with scope,Black Powder Guns | Bass Pro Shops,FALSE,Home & Living/Home Décor/Other Home Decorations
cva accura lr x cerakote fde nitride truetimber strata muzzleloader rifle,Black Powder Guns | Bass Pro Shops,FALSE,Home & Living/Home Improvement/Power Tools Accessories/overwritten
traditions vortek strikerfire vapr twist muzzleloader rifle with scope,Black Powder Guns | Bass Pro Shops,FALSE,Home & Living/Stationery/Paper Products
pursuit xt chromoly barrel muzzleloader with sights,Black Powder Guns | Bass Pro Shops,FALSE,Home & Living/Home Décor/Other Home Decorations
cva optima v2 nitride muzzleloader rifle with truetimber strata camo and fiber optic sights,Black Powder Guns | Bass Pro Shops,FALSE,Home & Living/Home Improvement/Housekeeping & Laundry
cva optima v2 muzzleloader rifle with scope combo in truetimber strata camo,Black Powder Guns | Bass Pro Shops,FALSE,Home & Living/Home Improvement/Electrical/overwritten
traditions buckstalker xt northwest magnum muzzleloader rifle,Black Powder Guns | Bass Pro Shops,FALSE,Home & Living/Home Décor/Other Home Decorations
traditions pursuit g4 ultralight muzzleloader with scope and carrying case combo,Black Powder Guns | Bass Pro Shops,FALSE,"Home & Living/Home Décor/Curtains, Blinds & Shades"
traditions pursuit xt northwest magnum muzzleloader rifle,Black Powder Guns | Bass Pro Shops,FALSE,Home & Living/Home Décor/Other Home Decorations
cva wolf 209 magnum break action 50 caliber muzzleloader with scope combos,Black Powder Guns | Bass Pro Shops,FALSE,Cameras/Camera Accessories/Sports & Action Camera Accessories
traditions buckstalker black blued 50 caliber muzzleloader with scope,Black Powder Guns | Bass Pro Shops,FALSE,Home & Living/Home Décor/Other Home Decorations
cva optima v2 muzzleloader with scope in truetimber strata camo,Black Powder Guns | Bass Pro Shops,TRUE,Home & Living/Home Improvement/Power Tools Accessories
cva wolf muzzleloader with scope in truetimber strata camo,Black Powder Guns | Bass Pro Shops,FALSE,Home & Living/Stationery/School & Office Accessories
thompsoncenter impact!sb muzzleloader,Black Powder Guns | Bass Pro Shops,TRUE,Home & Living/Home Improvement/Hand Tools
cva optima v2 muzzleloader with truetimber strata camo,Black Powder Guns | Bass Pro Shops,FALSE,Fashion/Women/Bags
traditions kentucky rifle 50 caliber muzzleloader kit,Black Powder Guns | Bass Pro Shops,FALSE,Home & Living/Stationery/Novelty
pietta model 1851 confederate navy 44 caliber black powder revolver,Black Powder Guns | Bass Pro Shops,FALSE,Health & Beauty/Food Supplements/Beauty Supplements
pietta model 1858 new army 44 caliber black powder revolver,Black Powder Guns | Bass Pro Shops,FALSE,Health & Beauty/Food Supplements/Beauty Supplements
pietta model 1858 new army brass frame 44 caliber black powder revolver,Black Powder Guns | Bass Pro Shops,FALSE,Home & Living/Home Improvement/Hardware
pietta 1851 confederate navy black powder revolver,Black Powder Guns | Bass Pro Shops,FALSE,Health & Beauty/Makeup/Lips
pietta 1858 remington black powder revolver,Black Powder Guns | Bass Pro Shops,FALSE,Health & Beauty/Makeup/Eyes
pietta model 1860 army 44 caliber black powder revolver,Black Powder Guns | Bass Pro Shops,FALSE,Health & Beauty/Personal Care/Oral Care
pietta model 1858 new army brass frame sheriff 44 cal black powder revolver,Black Powder Guns | Bass Pro Shops,FALSE,Home & Living/Home Improvement/Hardware
pietta model 1851 navy yank pepperbox 36 cal black powder revolver,Black Powder Guns | Bass Pro Shops,FALSE,Health & Beauty/Makeup/Makeup Accessories
pietta model 1851 navy yank 36 caliber black powder revolver,Black Powder Guns | Bass Pro Shops,FALSE,Health & Beauty/Food Supplements/Beauty Supplements
pietta model 1858 new army stainless steel 44 caliber black powder revolver,Black Powder Guns | Bass Pro Shops,FALSE,Home & Living/Home Improvement/Hardware
hornady sst ml low drag sabots,Black Powder Bullets | Bass Pro Shops,FALSE,Health & Beauty/Skin Care/Moisturizers and Cream
hornady bore driver ftx muzzleloader bullets,Black Powder Bullets | Bass Pro Shops,FALSE,Home & Living/Home Improvement/Electrical/overwritten
powerbelt aerolite aerotip bullets,Black Powder Bullets | Bass Pro Shops,FALSE,Home Appliances/Small Kitchen Appliances/Food Preparation/overwritten
powerbelt aerotip bullets,Black Powder Bullets | Bass Pro Shops,FALSE,Home Appliances/Small Kitchen Appliances/Food Preparation/overwritten
traditions smackdown carnivore muzzleloader sabot bullets,Black Powder Bullets | Bass Pro Shops,FALSE,Home & Living/Home Décor/Other Home Decorations
hornady monoflex ml muzzleloader sabots,Black Powder Bullets | Bass Pro Shops,FALSE,Health & Beauty/Skin Care/Moisturizers and Cream
traditions smackdown xr muzzleloader sabot bullets,Black Powder Bullets | Bass Pro Shops,FALSE,Home & Living/Home Décor/Other Home Decorations
powerbelt hollowpoint copper plated or lead bullets,Black Powder Bullets | Bass Pro Shops,FALSE,Home & Living/Home Improvement/Measuring & Levelling/overwritten
powerbelt elr bullet,Black Powder Bullets | Bass Pro Shops,FALSE,Watches Sunglasses Jewellery/Jewellery/Men
hornady sst ml speed sabot,Black Powder Bullets | Bass Pro Shops,FALSE,Health & Beauty/Skin Care/Moisturizers and Cream
traditions smackdown sst polymer tip bullets,Black Powder Bullets | Bass Pro Shops,FALSE,Home & Living/Home Décor/Power Tools Accessories
hornady premium swaged lead balls,Black Powder Bullets | Bass Pro Shops,TRUE,"TV, Audio / Video, Gaming & Wearables/Audio/Home Entertainment"
harvester crush rib 50 caliber sabots   per 50,Black Powder Bullets | Bass Pro Shops,FALSE,Fashion/Women/Clothing
powerbelt aero tip bulk bullets,Black Powder Bullets | Bass Pro Shops,FALSE,Home & Living/Home Improvement/Electrical/overwritten
traditions plinker bullets,Black Powder Bullets | Bass Pro Shops,FALSE,Home & Living/Home Décor/Other Home Decorations
harvester 50 caliber sabots,Black Powder Bullets | Bass Pro Shops,FALSE,Cameras/Camera Accessories/Sports & Action Camera Accessories
harvester scorpion pt gold bullets with crush rib sabots,Black Powder Bullets | Bass Pro Shops,FALSE,Watches Sunglasses Jewellery/Jewellery/Women
hornady great plains bullet,Black Powder Bullets | Bass Pro Shops,FALSE,Watches Sunglasses Jewellery/Jewellery/Men
hornady swaged black powder rifle round balls per 100,Black Powder Bullets | Bass Pro Shops,FALSE,Home & Living/Stationery/School & Office Accessories
hornady swaged black powder revolver pistol round balls,Black Powder Bullets | Bass Pro Shops,FALSE,Health & Beauty/Makeup/Nails
Colt M4 RIS Airsoft Rifle and 1911 Airsoft Pistol Kit,Airsoft Guns | Bass Pro Shops,FALSE,Home & Living/Home Décor/Safety & Security
umarex glock 19 gen3 co2 airsoft pistol,Airsoft Guns | Bass Pro Shops,FALSE,Home & Living/Home Décor/Other Home Decorations
game face gf76 aeg carbine airsoft rifle,Airsoft Guns | Bass Pro Shops,FALSE,Health & Beauty/Hair Care/Shampoos & Conditioners
colt airsoft bbs,Airsoft Guns | Bass Pro Shops,FALSE,Home & Living/Home Improvement/Safety & Security
heckler koch 416 aeg airsoft rifle,Airsoft Guns | Bass Pro Shops,FALSE,Home & Living/Home Improvement/Safety & Security
colt 1911 airsoft spring powered pistol kit,Airsoft Guns | Bass Pro Shops,FALSE,Home & Living/Stationery/Arts & Crafts
crosman airsoft ammo,Airsoft Guns | Bass Pro Shops,FALSE,Home & Living/Home Improvement/Safety & Security
fn fns 9 spring powered airsoft pistol,Airsoft Guns | Bass Pro Shops,FALSE,Home & Living/Stationery/Arts & Crafts
crosman tactical shoulder holster,Airsoft Guns | Bass Pro Shops,FALSE,Home & Living/Stationery/Arts & Crafts
Game Face Warrior Protection Airsoft Rifle and Pistol Kit,Airsoft Guns | Bass Pro Shops,FALSE,Home & Living/Home Décor/Safety & Security
crosman battlemaster airsoft rifle,Airsoft Guns | Bass Pro Shops,FALSE,Home & Living/Home Improvement/Safety & Security
game face ghost affliction aeg airsoft rifle and spring powered airsoft pistol kit,Airsoft Guns | Bass Pro Shops,FALSE,Home & Living/Home Improvement/Safety & Security
crosman gf529 sniper airsoft rifle,Airsoft Guns | Bass Pro Shops,FALSE,Home & Living/Stationery/Arts & Crafts
walther ppk s operative airsoft pistol kit,Airsoft Guns | Bass Pro Shops,TRUE,Computers & Laptops/Storage/Internal Hard Drives
h k p30 electric powered airsoft bb pistol,Airsoft Guns | Bass Pro Shops,FALSE,Health & Beauty/Makeup/Face
Game Face Match Grade Airsoft BBs,Airsoft Guns | Bass Pro Shops,FALSE,Health & Beauty/Hair Care/Shampoos & Conditioners
Game Face Ghost Mayhem Spring Powered Airsoft Pistol,Airsoft Guns | Bass Pro Shops,FALSE,Home & Living/Home Improvement/Safety & Security
crosman pellgun oil,Airsoft Guns | Bass Pro Shops,FALSE,Health & Beauty/Skin Care/Moisturizers and Cream
ruger p345pr co2 airsoft bb pistol,Airsoft Guns | Bass Pro Shops,FALSE,Health & Beauty/Makeup/Face
crosman gameface recon airsoft pistol,Airsoft Guns | Bass Pro Shops,FALSE,Home & Living/Home Décor/Other Home Decorations
crosman elite airsoft pistol holster,Airsoft Guns | Bass Pro Shops,TRUE,Computers & Laptops/Storage/Internal Hard Drives
barra airguns 1911 co2 blowback airsoft pistol with orange tip,Airsoft Guns | Bass Pro Shops,FALSE,Home & Living/Home Décor/Other Home Decorations
Game Face Premium Airsoft Ammo,Airsoft Guns | Bass Pro Shops,FALSE,Health & Beauty/Hair Care/Shampoos & Conditioners
barra airguns 009 full auto airsoft pistol,Airsoft Guns | Bass Pro Shops,FALSE,Home & Living/Home Décor/Other Home Decorations
barra airguns schofield airsoft gun revolver,Airsoft Guns | Bass Pro Shops,FALSE,Home & Living/Home Improvement/Hardware
Game Face AEG Airsoft Pistol,Airsoft Guns | Bass Pro Shops,TRUE,Computers & Laptops/Storage/Internal Hard Drives
hk usp co2 airsoft pistol,Airsoft Guns | Bass Pro Shops,FALSE,Home & Living/Kitchen & Dining/Tableware
barra airguns 357 25 airsoft revolver,Airsoft Guns | Bass Pro Shops,FALSE,Health & Beauty/Makeup/Face
walther special operations ppq spring airsoft pistol,Airsoft Guns | Bass Pro Shops,FALSE,Home & Living/Home Décor/Housekeeping & Laundry
colt m4 1911 ops spring powered rifle and pistol airsoft kit,Airsoft Guns | Bass Pro Shops,FALSE,Home & Living/Stationery/Arts & Crafts
colt 25 twin pack soft air pistols,Airsoft Guns | Bass Pro Shops,TRUE,"Home Appliances/Cooling & Heating/Air Purifiers, Dehumidifiers & Humidifiers"
umarex usa glock g17 gen 4 gbb 6mm elite force airsoft pistol,Airsoft Guns | Bass Pro Shops,TRUE,Home Appliances/Small Kitchen Appliances/Juicers & Fruit Extractors
daisy model 1938 red ryder bb gun,Air Guns | Bass Pro Shops,TRUE,Home & Living/Home Improvement/Rugs & Carpets
umarex glock 19 co2 air pistol,Air Guns | Bass Pro Shops,TRUE,Home Appliances/Cooling & Heating/Fans
gamo swarm magnum 10x gen 2 air rifle with scope combo,Air Guns | Bass Pro Shops,FALSE,Home & Living/Lighting/Lighting Bulbs & Components
sig sauer p365 co2 powered bb gun pistol,Air Guns | Bass Pro Shops,FALSE,Home & Living/Home Décor/Safety & Security
crosman copperhead coated bbs 2500 bbs,Air Guns | Bass Pro Shops,FALSE,"TV, Audio / Video, Gaming & Wearables/Gaming/PS4"
daisy powerline 415 air pistol bb gun,Air Guns | Bass Pro Shops,FALSE,Home & Living/Home Décor/Housekeeping & Laundry
barra airguns sportsman 900 air rifle,Air Guns | Bass Pro Shops,FALSE,Home & Living/Stationery/School & Office Accessories
daisy 426 177 caliber co2 bb air pistol,Air Guns | Bass Pro Shops,FALSE,Health & Beauty/Makeup/Face
sig sauer 1911 emperor scorpion full size blowback bb pistol,Air Guns | Bass Pro Shops,FALSE,Fashion/Women/Shoes
daisy shatterblast clay target discs,Air Guns | Bass Pro Shops,FALSE,Fashion/Men/Accessories
crosman premier 22 caliber hollow point pellets 500 count,Air Guns | Bass Pro Shops,TRUE,Home & Living/Furniture/Home Office Furniture
hatsan airtact air rifle with scope,Air Guns | Bass Pro Shops,FALSE,Home & Living/Lighting/Lighting Bulbs & Components
umarex glock 17 gen3 co2 air pistol,Air Guns | Bass Pro Shops,TRUE,Home Appliances/Cooling & Heating/Fans
gamo 177 caliber rocket pellets,Air Guns | Bass Pro Shops,FALSE,Health & Beauty/Men's Care/Body and Skin Care
crosman destroyer 177 caliber pellets 250 count,Air Guns | Bass Pro Shops,TRUE,Home & Living/Home Improvement/Hand Tools
gamo wildcat whisper 177 caliber air rifle with scope,Air Guns | Bass Pro Shops,FALSE,Home & Living/Home Improvement/Safety & Security
gamo swarm whisper 10x air rifle,Air Guns | Bass Pro Shops,FALSE,Home & Living/Stationery/Arts & Crafts
daisy precisionmax bbs bottle 6000,Air Guns | Bass Pro Shops,FALSE,Home & Living/Kitchen & Dining/Kitchen Tools & Accessories
gamo air rifle cleaning pellets,Air Guns | Bass Pro Shops,FALSE,Home & Living/Home Improvement/Housekeeping & Laundry
sig sauer mcx 177 cal co2 air rifle with scope,Air Guns | Bass Pro Shops,FALSE,Home & Living/Lighting/Lighting Bulbs & Components
gamo red fire airgun pellets,Air Guns | Bass Pro Shops,TRUE,Home & Living/Furniture/Living Room Furniture
crosman pumpmaster 760 variable pump air rifle,Air Guns | Bass Pro Shops,FALSE,Home & Living/Lighting/Lighting Bulbs & Components
smith wesson mp 177 caliber bb repeater air pistol,Air Guns | Bass Pro Shops,TRUE,Home & Living/Home Improvement/Power Tools Accessories
crosman 177 caliber pointed pellets 500 count,Air Guns | Bass Pro Shops,FALSE,Fashion/Women/Clothing
crosman 177 caliber pointed pellets 250 count,Air Guns | Bass Pro Shops,FALSE,Fashion/Women/Clothing
daisy air gun bbs,Air Guns | Bass Pro Shops,FALSE,Home & Living/Stationery/Novelty
Benjamin Vaporizer Nitro Piston Elite Air Rifle with Scope,Air Guns | Bass Pro Shops,FALSE,"TV, Audio / Video, Gaming & Wearables/Audio/Portable Speakers/overwritten"
barra airguns the 400e electric full auto bb rifle,Air Guns | Bass Pro Shops,FALSE,Fashion/Men/Shoes
crosman copperhead coated premium bbs,Air Guns | Bass Pro Shops,FALSE,"TV, Audio / Video, Gaming & Wearables/Gaming/PS4"
crosman diamondback nitro piston elite air rifle with scope,Air Guns | Bass Pro Shops,FALSE,"Home Appliances/Cooling & Heating/Air Purifiers, Dehumidifiers & Humidifiers/overwritten"
crosman 12 gram co2powerlet cartridges for air guns,Air Guns | Bass Pro Shops,TRUE,Home Appliances/Small Kitchen Appliances/Food Preparation
sig sauer sig mcx asp co2 powered air rifle,Air Guns | Bass Pro Shops,FALSE,Home & Living/Stationery/School & Office Accessories
herters target 556x45mm nato 55 grain centerfire rifle ammo,Centerfire Rifle Ammo | Bass Pro Shops,FALSE,Fashion/Women/Clothing
winchester usa white box bulk ammo,Centerfire Rifle Ammo | Bass Pro Shops,TRUE,Home Appliances/Small Kitchen Appliances/Rice Cookers & Steamers
herters target 223 remington 55 grain centerfire rifle ammo,Centerfire Rifle Ammo | Bass Pro Shops,FALSE,Fashion/Men/Accessories
winchester 556mm centerfire fmj rifle ammo,Centerfire Rifle Ammo | Bass Pro Shops,FALSE,Fashion/Women/Bags
remington core lokt 35 remington 200 grain centerfire rifle ammo,Centerfire Rifle Ammo | Bass Pro Shops,FALSE,Health & Beauty/Men's Care/Shaving
browning bulk target centerfire rifle ammo,Centerfire Rifle Ammo | Bass Pro Shops,FALSE,"TV, Audio / Video, Gaming & Wearables/Audio/Portable Players/overwritten"
hornady precision 65 creedmoor 143 grain hunter rifle ammo,Centerfire Rifle Ammo | Bass Pro Shops,FALSE,Fashion/Men/Accessories
remington core lokt 30 06 springfield 150 grain centerfire rifle ammo,Centerfire Rifle Ammo | Bass Pro Shops,FALSE,Home & Living/Home Improvement/Hardware
hornady american whitetail 7mm 08 remington 139 grain centerfire rifle ammo,Centerfire Rifle Ammo | Bass Pro Shops,FALSE,Fashion/Men/Accessories
hornady leverevolution 45 70 government 325 grain flex tip centerfire rifle ammo,Centerfire Rifle Ammo | Bass Pro Shops,FALSE,Home & Living/Home Improvement/Measuring & Levelling/overwritten
hornady leverevolution 35 remington 200 grain flex tip centerfire rifle ammo,Centerfire Rifle Ammo | Bass Pro Shops,FALSE,Home & Living/Home Improvement/Power Tools Accessories/overwritten
federal american eagle military grade brass centerfire rifle cartridges,Centerfire Rifle Ammo | Bass Pro Shops,FALSE,Home & Living/Home Improvement/Other Home Decorations/overwritten
hornady american whitetail 243 winchester 100 grain centerfire rifle ammo,Centerfire Rifle Ammo | Bass Pro Shops,FALSE,"Fashion/Women/Lingerie, Sleep & Lounge"
hornady american whitetail 308 winchester 150 grain centerfire rifle ammo,Centerfire Rifle Ammo | Bass Pro Shops,FALSE,"Fashion/Women/Lingerie, Sleep & Lounge"
remington core lokt 30 06 springfield 180 grain soft point centerfire rifle ammo,Centerfire Rifle Ammo | Bass Pro Shops,FALSE,Home Appliances/Small Kitchen Appliances/Rice Cookers & Steamers/overwritten
hornady american whitetail 30 06 springfield 150 grain centerfire rifle ammo,Centerfire Rifle Ammo | Bass Pro Shops,FALSE,Fashion/Women/Clothing
winchester super x power point 350 legend 180 grain centerfire rifle ammo,Centerfire Rifle Ammo | Bass Pro Shops,FALSE,Home & Living/Stationery/School & Office Accessories
winchester deer season xp copper impact centerfire rifle ammo,Centerfire Rifle Ammo | Bass Pro Shops,FALSE,Home & Living/Home Improvement/Bathroom Fixtures/overwritten
winchester ballistic silvertip 30 06 springfield 150 grain centerfire rifle ammo,Centerfire Rifle Ammo | Bass Pro Shops,FALSE,Fashion/Women/Clothing
remington core lokt 30 06 springfield 165 grain centerfire rifle ammo,Centerfire Rifle Ammo | Bass Pro Shops,FALSE,Home & Living/Home Improvement/Hardware
remington core lokt 308 winchester 180 grain centerfire rifle ammo,Centerfire Rifle Ammo | Bass Pro Shops,FALSE,Fashion/Men/Accessories
federal power shok centerfire rifle ammo,Centerfire Rifle Ammo | Bass Pro Shops,FALSE,Home & Living/Stationery/School & Office Accessories
federal premium power shok 30 30 winchester 150 grain jacketed soft point centerfire rifle ammo,Centerfire Rifle Ammo | Bass Pro Shops,FALSE,Home & Living/Home Décor/Electrical
hornady american whitetail 65 creedmoor 129 grain centerfire rifle ammo,Centerfire Rifle Ammo | Bass Pro Shops,FALSE,Fashion/Women/Clothing
remington core lokt 270 winchester 130 grain centerfire rifle ammo,Centerfire Rifle Ammo | Bass Pro Shops,FALSE,Fashion/Men/Accessories
remington core lokt 300 winchester magnum 180 grain centerfire rifle ammo,Centerfire Rifle Ammo | Bass Pro Shops,FALSE,Fashion/Men/Accessories
hornady leverevolution 30 30 winchester 160 grain rifle ammo,Centerfire Rifle Ammo | Bass Pro Shops,FALSE,"Fashion/Women/Lingerie, Sleep & Lounge"
winchester expedition big game long range 68 western 165 grain accubond lr centerfire rifle ammo,Centerfire Rifle Ammo | Bass Pro Shops,FALSE,Home & Living/Home Décor/Hand Tools
hornady eld match 65 creedmoor 140 grain centerfire rifle ammo,Centerfire Rifle Ammo | Bass Pro Shops,FALSE,Fashion/Women/Accessories
winchester usa target 350 legend 145 grain fmj centerfire rifle ammo,Centerfire Rifle Ammo | Bass Pro Shops,FALSE,Watches Sunglasses Jewellery/Jewellery/Women
winchester deer season xp 350 legend 150 grain centerfire rifle ammo,Centerfire Rifle Ammo | Bass Pro Shops,FALSE,Home & Living/Stationery/Arts & Crafts
hornady ftx 450 bushmaster 250 grain custom centerfire rifle ammo,Centerfire Rifle Ammo | Bass Pro Shops,FALSE,Fashion/Women/Shoes
herters target 9mm luger 115 grain handgun ammo,Handgun Ammo | Bass Pro Shops,TRUE,Home & Living/Furniture/Kitchen & Dining Furniture
blazer brass 9mm luger 115 grain handgun ammo,Handgun Ammo | Bass Pro Shops,FALSE,Home & Living/Home Improvement/Paint Supplies
cci blazer brass 9mm luger 124 grain handgun ammo,Handgun Ammo | Bass Pro Shops,FALSE,Home & Living/Home Improvement/Paint Supplies
hornady critical defense 9mm 115 grain handgun ammo,Handgun Ammo | Bass Pro Shops,FALSE,Health & Beauty/Makeup/Makeup Accessories
winchester 9mm luger 115 grain fmj centerfire handgun ammo,Handgun Ammo | Bass Pro Shops,FALSE,"Fashion/Women/Lingerie, Sleep & Lounge"
herters defense handgun ammo,Handgun Ammo | Bass Pro Shops,FALSE,Health & Beauty/Men's Care/Body and Skin Care
federal american eagle 357 magnum 158 grain jacketed soft point centerfire handgun ammo,Handgun Ammo | Bass Pro Shops,TRUE,Home & Living/Home Improvement/Other Home Decorations
herters target 45 automatic colt pistol 230 grain handgun ammo,Handgun Ammo | Bass Pro Shops,FALSE,Home & Living/Home Décor/Housekeeping & Laundry
federal punch personal defense 9mm luger 124 grain handgun ammo,Handgun Ammo | Bass Pro Shops,FALSE,Health & Beauty/Skin Care/Face Cleanser
herters target 38 special 130 grain handgun ammo,Handgun Ammo | Bass Pro Shops,FALSE,"Fashion/Women/Lingerie, Sleep & Lounge"
hornady critical defense 410 shotshell ammo,Handgun Ammo | Bass Pro Shops,FALSE,"Health & Beauty/Makeup/Makeup Kits, Sets, Palettes"
herters target 10mm 180 grain handgun ammo,Handgun Ammo | Bass Pro Shops,TRUE,Home & Living/Furniture/Kitchen & Dining Furniture
cci blazer brass 380 auto colt pistol 95 grain handgun ammo,Handgun Ammo | Bass Pro Shops,FALSE,Home & Living/Home Décor/Paint Supplies
herters target 380 automatic colt pistol 95 grain handgun ammo,Handgun Ammo | Bass Pro Shops,FALSE,Home & Living/Home Décor/Housekeeping & Laundry
herters target 40 sw 180 grain handgun ammo,Handgun Ammo | Bass Pro Shops,FALSE,Mobiles & Tablets/Accessories/Phone Cases
winchester usa 9mm 147 grain handgun ammo,Handgun Ammo | Bass Pro Shops,TRUE,Home Appliances/Small Kitchen Appliances/Food Preparation
winchester usa ready 45 acp 230 grain handgun ammo,Handgun Ammo | Bass Pro Shops,FALSE,Home & Living/Home Décor/Housekeeping & Laundry
federal champion brass 9mm luger 115 grain centerfire handgun ammo,Handgun Ammo | Bass Pro Shops,TRUE,Home & Living/Outdoor & Garden/Lawn & Garden
federal premium personal defense 9mm luger 124 grain hst handgun ammo,Handgun Ammo | Bass Pro Shops,FALSE,Health & Beauty/Makeup/Face
remington umc 9mm luger 115 grain fmj handgun ammo,Handgun Ammo | Bass Pro Shops,FALSE,Health & Beauty/Men's Care/Shaving
aguila 380 auto 95 grain fmj handgun ammo,Handgun Ammo | Bass Pro Shops,FALSE,Home & Living/Home Improvement/Housekeeping & Laundry
federal american eagle 9mm luger 115 grain fmj centerfire handgun ammo,Handgun Ammo | Bass Pro Shops,TRUE,Home & Living/Home Improvement/Other Home Decorations
cci shotshell 38 special 9 shot centerfire handgun ammo,Handgun Ammo | Bass Pro Shops,TRUE,Home & Living/Furniture/Living Room Furniture
winchester 45 acp 230 grain fmj handgun ammo,Handgun Ammo | Bass Pro Shops,FALSE,Home & Living/Home Décor/Housekeeping & Laundry
winchester super x silvertip hp 9mm luger 147 grain handgun ammo,Handgun Ammo | Bass Pro Shops,FALSE,Home & Living/Home Décor/Housekeeping & Laundry
winchester usa ready 9mm luger 115 grain handgun ammo,Handgun Ammo | Bass Pro Shops,TRUE,Home & Living/Furniture/Kitchen & Dining Furniture
hornady critical duty tactical handgun ammo,Handgun Ammo | Bass Pro Shops,FALSE,Home & Living/Home Improvement/Housekeeping & Laundry
hornady critical defense 380 auto 90 grain handgun ammo,Handgun Ammo | Bass Pro Shops,FALSE,"Home & Living/Kitchen & Dining/Coffee, Tea & Espresso"
cci blazer brass 40 sw 180 grain handgun ammo,Handgun Ammo | Bass Pro Shops,FALSE,Home & Living/Home Improvement/Paint Supplies
cci blazer 10mm 180 grain fmj handgun ammo,Handgun Ammo | Bass Pro Shops,FALSE,Fashion/Women/Clothing
sig sauer elite performance v crown handgun ammo,Handgun Ammo | Bass Pro Shops,TRUE,"TV, Audio / Video, Gaming & Wearables/Televisions/LED Televisions"
federal american eagle 44 remington magnum 240 grain jacketed hollow point centerfire handgun ammo,Handgun Ammo | Bass Pro Shops,TRUE,Home & Living/Home Improvement/Other Home Decorations
cci mini mag 22 lr 36 grain rimfire ammo,Rimfire Ammo &amp; Reloading Ammunition | Bass Pro Shops,FALSE,Home & Living/Home Improvement/Housekeeping & Laundry
remington thunderbolt 22 lr 40 grain lead round nose rimfire ammo,Rimfire Ammo &amp; Reloading Ammunition | Bass Pro Shops,TRUE,"TV, Audio / Video, Gaming & Wearables/Audio/Home Entertainment"
federal auto match target ammo,Rimfire Ammo &amp; Reloading Ammunition | Bass Pro Shops,FALSE,Fashion/Women/Accessories
herters target rimfire ammo,Rimfire Ammo &amp; Reloading Ammunition | Bass Pro Shops,FALSE,"TV, Audio / Video, Gaming & Wearables/Gaming/PS4"
remington bucket o bullets 22 lr 36 grain rimfire ammo,Rimfire Ammo &amp; Reloading Ammunition | Bass Pro Shops,FALSE,Fashion/Men/Bags
federal punch flat nose 22 lr 29 grain rimfire ammo,Rimfire Ammo &amp; Reloading Ammunition | Bass Pro Shops,FALSE,Home & Living/Home Improvement/Housekeeping & Laundry
cci 22 lr 40 grain rimfire ammo,Rimfire Ammo &amp; Reloading Ammunition | Bass Pro Shops,FALSE,Home & Living/Home Improvement/Housekeeping & Laundry
hornady 22 wmr v max rimfire ammo,Rimfire Ammo &amp; Reloading Ammunition | Bass Pro Shops,FALSE,Fashion/Women/Clothing
remington golden bullet 22 lr 36 grain plated hollow point rimfire ammo,Rimfire Ammo &amp; Reloading Ammunition | Bass Pro Shops,FALSE,Watches Sunglasses Jewellery/Jewellery/Women
hornady 17 hmr v max bullets rimfire magnum,Rimfire Ammo &amp; Reloading Ammunition | Bass Pro Shops,FALSE,Fashion/Women/Clothing
cci mini mag 22 lr 40 grain rimfire ammo,Rimfire Ammo &amp; Reloading Ammunition | Bass Pro Shops,FALSE,Home & Living/Home Improvement/Housekeeping & Laundry
aguila superextra high velocity rimfire ammo 101433109,Rimfire Ammo &amp; Reloading Ammunition | Bass Pro Shops,FALSE,Home & Living/Home Improvement/Hardware
cci stinger rimfire ammo,Rimfire Ammo &amp; Reloading Ammunition | Bass Pro Shops,FALSE,Health & Beauty/Food Supplements/Sports Nutrition
cci hollow point 22 short 27 grain rimfire ammo,Rimfire Ammo &amp; Reloading Ammunition | Bass Pro Shops,FALSE,Fashion/Women/Bags
cci mini mag 22 lr 40 grain rimfire ammo 101373626,Rimfire Ammo &amp; Reloading Ammunition | Bass Pro Shops,FALSE,Home & Living/Home Improvement/Housekeeping & Laundry
aguila subsonic rimfire ammo,Rimfire Ammo &amp; Reloading Ammunition | Bass Pro Shops,TRUE,Home Appliances/Small Kitchen Appliances/Food Preparation
cci 22 wmr 40 grain rimfire ammo,Rimfire Ammo &amp; Reloading Ammunition | Bass Pro Shops,TRUE,Home Appliances/Small Kitchen Appliances/Food Preparation
federal range pack 22 lr 40 grain rimfire ammo,Rimfire Ammo &amp; Reloading Ammunition | Bass Pro Shops,TRUE,Home Appliances/Small Kitchen Appliances/Rice Cookers & Steamers
cci standard velocity 22 lr 40 grain lead round nose rimfire ammo,Rimfire Ammo &amp; Reloading Ammunition | Bass Pro Shops,TRUE,"TV, Audio / Video, Gaming & Wearables/Audio/Portable Players"
cci tactical 22 lr 40 grain rimfire ammo,Rimfire Ammo &amp; Reloading Ammunition | Bass Pro Shops,FALSE,Home & Living/Home Improvement/Housekeeping & Laundry
remington golden bullet 22 lr 40 grain round nose rimfire ammo,Rimfire Ammo &amp; Reloading Ammunition | Bass Pro Shops,FALSE,Watches Sunglasses Jewellery/Jewellery/Women
hornady 17 hmr 20 grain xtp rimfire ammo,Rimfire Ammo &amp; Reloading Ammunition | Bass Pro Shops,TRUE,Home Appliances/Small Kitchen Appliances/Food Preparation
cci blazer 22 lr 40 grain rimfire ammo,Rimfire Ammo &amp; Reloading Ammunition | Bass Pro Shops,FALSE,Fashion/Women/Clothing
cci shotshell 22 lr 31 grain rimfire ammo,Rimfire Ammo &amp; Reloading Ammunition | Bass Pro Shops,FALSE,Home & Living/Home Improvement/Housekeeping & Laundry
federal champion 22 lr rimfire ammo,Rimfire Ammo &amp; Reloading Ammunition | Bass Pro Shops,TRUE,Home & Living/Furniture/Bedroom Furniture
cci quiet 22 semi auto 22 lr 32 grain rimfire ammo,Rimfire Ammo &amp; Reloading Ammunition | Bass Pro Shops,TRUE,Mobiles & Tablets/Accessories/Cables
aguila standard velocity rimfire ammo,Rimfire Ammo &amp; Reloading Ammunition | Bass Pro Shops,TRUE,Home Appliances/Small Kitchen Appliances/Bakeware & Pastries
cci 22 wmr 40 grain tmj rimfire ammo,Rimfire Ammo &amp; Reloading Ammunition | Bass Pro Shops,TRUE,Home Appliances/Small Kitchen Appliances/Food Preparation
winchester 22 long rifle 36 grain copper plated hollow point rimfire ammo 101450033,Rimfire Ammo &amp; Reloading Ammunition | Bass Pro Shops,FALSE,Watches Sunglasses Jewellery/Jewellery/Women
winchester super suppressed rimfire ammo,Rimfire Ammo &amp; Reloading Ammunition | Bass Pro Shops,FALSE,"Fashion/Women/Lingerie, Sleep & Lounge"
cci quiet 22 segmented hp 22 lr 40 grain rimfire rifle ammo,Rimfire Ammo &amp; Reloading Ammunition | Bass Pro Shops,FALSE,Home & Living/Home Improvement/Electrical/overwritten
federal champion byob 22 lr 36 grain rimfire ammo,Rimfire Ammo &amp; Reloading Ammunition | Bass Pro Shops,TRUE,Home & Living/Furniture/Bedroom Furniture
winchester super x buckshot shotshells,Shotgun Shells &amp; Hunting Ammunition | Bass Pro Shops,FALSE,"Fashion/Women/Lingerie, Sleep & Lounge"
herters hunting buckshot shotgun shells,Shotgun Shells &amp; Hunting Ammunition | Bass Pro Shops,TRUE,Mobiles & Tablets/Accessories/Cables
hornady sst shotgun slug shotshells,Shotgun Shells &amp; Hunting Ammunition | Bass Pro Shops,TRUE,Home & Living/Home Improvement/Electrical
winchester super x rifled slug shotgun ammo,Shotgun Shells &amp; Hunting Ammunition | Bass Pro Shops,FALSE,Fashion/Men/Bags
winchester super x high brass game loads shotshells,Shotgun Shells &amp; Hunting Ammunition | Bass Pro Shops,TRUE,Home & Living/Outdoor & Garden/Lawn & Garden
herters rifled slug shotgun shells,Shotgun Shells &amp; Hunting Ammunition | Bass Pro Shops,FALSE,Mobiles & Tablets/Accessories/Cables/overwritten
winchester aa supersport sporting clays shotshells,Shotgun Shells &amp; Hunting Ammunition | Bass Pro Shops,FALSE,Fashion/Women/Bags
federal shorty buckshot shotgun shells,Shotgun Shells &amp; Hunting Ammunition | Bass Pro Shops,TRUE,Mobiles & Tablets/Accessories/Cables
herters pheasant shotgun shells,Shotgun Shells &amp; Hunting Ammunition | Bass Pro Shops,TRUE,Mobiles & Tablets/Accessories/Cables
herters dove quail shotgun shells,Shotgun Shells &amp; Hunting Ammunition | Bass Pro Shops,TRUE,Home & Living/Home Improvement/Electrical
winchester aa super handicap heavy target load shotshells,Shotgun Shells &amp; Hunting Ammunition | Bass Pro Shops,TRUE,Home & Living/Outdoor & Garden/Lawn & Garden
remington premier accutip bonded sabot slugs,Shotgun Shells &amp; Hunting Ammunition | Bass Pro Shops,FALSE,Mobiles & Tablets/Accessories/Phone Cases
remington express magnum buckshot,Shotgun Shells &amp; Hunting Ammunition | Bass Pro Shops,TRUE,"TV, Audio / Video, Gaming & Wearables/Audio/Portable Players"
remington gun club target loads,Shotgun Shells &amp; Hunting Ammunition | Bass Pro Shops,TRUE,Home & Living/Home Improvement/Power Tools Accessories
federal premium game shok game load 12 ga shotshells,Shotgun Shells &amp; Hunting Ammunition | Bass Pro Shops,FALSE,"TV, Audio / Video, Gaming & Wearables/Gaming/Gaming Accessories"
kent protrial field blanks,Shotgun Shells &amp; Hunting Ammunition | Bass Pro Shops,FALSE,Home & Living/Home Décor/Safety & Security
federal premium vital shok truball rifled slug shotshells,Shotgun Shells &amp; Hunting Ammunition | Bass Pro Shops,FALSE,Health & Beauty/Makeup/Makeup Accessories
fiocchi golden waterfowl steel load shotshells,Shotgun Shells &amp; Hunting Ammunition | Bass Pro Shops,TRUE,Home Appliances/Large Appliances/Hoods
herters turkey tss shotshells,Shotgun Shells &amp; Hunting Ammunition | Bass Pro Shops,FALSE,Home & Living/Home Décor/Housekeeping & Laundry
winchester nwtf 50th anniversary edition long beard xr turkey shotshells,Shotgun Shells &amp; Hunting Ammunition | Bass Pro Shops,FALSE,Home & Living/Home Décor/Measuring & Levelling
herters target shotgun shells,Shotgun Shells &amp; Hunting Ammunition | Bass Pro Shops,TRUE,Mobiles & Tablets/Accessories/Cables
herters waterfowl steel shotgun shells,Shotgun Shells &amp; Hunting Ammunition | Bass Pro Shops,FALSE,Home & Living/Home Improvement/Safety & Security
winchester aa heavy target loads shotshells,Shotgun Shells &amp; Hunting Ammunition | Bass Pro Shops,FALSE,Home & Living/Stationery/Writing Utensils
hornady american whitetail sabot slug shotshells,Shotgun Shells &amp; Hunting Ammunition | Bass Pro Shops,TRUE,Home Appliances/Small Kitchen Appliances/Bakeware & Pastries
federal upland steel shotgun ammo,Shotgun Shells &amp; Hunting Ammunition | Bass Pro Shops,TRUE,Home & Living/Home Improvement/Electrical
federal premium game shok game load shotshells,Shotgun Shells &amp; Hunting Ammunition | Bass Pro Shops,FALSE,"TV, Audio / Video, Gaming & Wearables/Gaming/PS4"
winchester super x magnum buckshot shotshells,Shotgun Shells &amp; Hunting Ammunition | Bass Pro Shops,FALSE,"Fashion/Women/Lingerie, Sleep & Lounge"
federal power shok buckshot shotshells,Shotgun Shells &amp; Hunting Ammunition | Bass Pro Shops,FALSE,Health & Beauty/Food Supplements/Beauty Supplements
winchester aa target loads shotshells,Shotgun Shells &amp; Hunting Ammunition | Bass Pro Shops,FALSE,Watches Sunglasses Jewellery/Jewellery/Women
winchester super x xpert hi velocity game and target steel shotshells,Shotgun Shells &amp; Hunting Ammunition | Bass Pro Shops,FALSE,"TV, Audio / Video, Gaming & Wearables/Gaming/Gaming Accessories"
kent fasteel precision plated steel shot shells,Shotgun Shells &amp; Hunting Ammunition | Bass Pro Shops,FALSE,Home & Living/Home Improvement/Safety & Security
hevi shot magnum blend turkey load shotshells,Shotgun Shells &amp; Hunting Ammunition | Bass Pro Shops,FALSE,Home & Living/Stationery/Writing Utensils
starline unprimed rifle brass,Reloading Bullets &amp; Reloading Brass | Bass Pro Shops,FALSE,Home & Living/Home Improvement/Hardware
starline unprimed pistol brass,Reloading Bullets &amp; Reloading Brass | Bass Pro Shops,FALSE,Home & Living/Home Décor/Hardware
x treme bullets copper plated pistol bullets,Reloading Bullets &amp; Reloading Brass | Bass Pro Shops,FALSE,Home & Living/Home Décor/Safety & Security
hornady eld x rifle bullets,Reloading Bullets &amp; Reloading Brass | Bass Pro Shops,FALSE,Fashion/Women/Clothing
berrys bulk jacketed rifle bullets,Reloading Bullets &amp; Reloading Brass | Bass Pro Shops,FALSE,Home & Living/Stationery/Arts & Crafts
berrys preferred plated pistol bullets,Reloading Bullets &amp; Reloading Brass | Bass Pro Shops,FALSE,Watches Sunglasses Jewellery/Watches/Women
hornady eld match rifle bullets,Reloading Bullets &amp; Reloading Brass | Bass Pro Shops,FALSE,Fashion/Women/Muslim Wear
hornady fmj rifle bullets,Reloading Bullets &amp; Reloading Brass | Bass Pro Shops,FALSE,Fashion/Women/Clothing
hornady unprimed brass rifle cartridge cases,Reloading Bullets &amp; Reloading Brass | Bass Pro Shops,FALSE,Home & Living/Home Improvement/Safety & Security
sierra tipped gameking rifle bullets 100376893,Reloading Bullets &amp; Reloading Brass | Bass Pro Shops,FALSE,Home & Living/Stationery/Arts & Crafts
hornady xtp pistol bullets,Reloading Bullets &amp; Reloading Brass | Bass Pro Shops,FALSE,"TV, Audio / Video, Gaming & Wearables/TV Accessories/Wall Mounts & Protectors"
berrys 300 blackout sp bullets,Reloading Bullets &amp; Reloading Brass | Bass Pro Shops,FALSE,Home & Living/Home Décor/Safety & Security
hornady rn centerfire pistol bullets,Reloading Bullets &amp; Reloading Brass | Bass Pro Shops,FALSE,"TV, Audio / Video, Gaming & Wearables/TV Accessories/Wall Mounts & Protectors"
winchester bulk brass unprimed handgun shellcase metallic components for pistols,Reloading Bullets &amp; Reloading Brass | Bass Pro Shops,FALSE,Home & Living/Home Improvement/Housekeeping & Laundry
sierra gameking rifle bullets,Reloading Bullets &amp; Reloading Brass | Bass Pro Shops,FALSE,Home & Living/Stationery/School & Office Accessories
sig sauer unprimed rifle brass,Reloading Bullets &amp; Reloading Brass | Bass Pro Shops,FALSE,Home & Living/Home Improvement/Hardware
nosler ballistic tip hunting bullets,Reloading Bullets &amp; Reloading Brass | Bass Pro Shops,FALSE,Home & Living/Stationery/Paper Products
hornady v max rifle bullets,Reloading Bullets &amp; Reloading Brass | Bass Pro Shops,FALSE,Fashion/Men/Bags
barnes tipped triple shock x bullets,Reloading Bullets &amp; Reloading Brass | Bass Pro Shops,FALSE,Home & Living/Stationery/Arts & Crafts
sierra varminter rifle bullets,Reloading Bullets &amp; Reloading Brass | Bass Pro Shops,FALSE,Home & Living/Stationery/School & Office Accessories
hornady interlock rifle bullets,Reloading Bullets &amp; Reloading Brass | Bass Pro Shops,FALSE,Fashion/Women/Clothing
barnes tsx triple shock x bullets,Reloading Bullets &amp; Reloading Brass | Bass Pro Shops,FALSE,Home & Living/Stationery/School & Office Accessories
sierra pro hunter rifle bullets,Reloading Bullets &amp; Reloading Brass | Bass Pro Shops,FALSE,Health & Beauty/Food Supplements/Sports Nutrition
nosler ballistic tip varmint bullets,Reloading Bullets &amp; Reloading Brass | Bass Pro Shops,FALSE,Home & Living/Stationery/Paper Products
sierra 6mm 243 caliber rifle bullets,Reloading Bullets &amp; Reloading Brass | Bass Pro Shops,FALSE,Home & Living/Home Improvement/Power Tools Accessories/overwritten
hornady sst bullets,Reloading Bullets &amp; Reloading Brass | Bass Pro Shops,FALSE,Home Appliances/Small Kitchen Appliances/Food Preparation/overwritten
hornady varmint rifle bullets,Reloading Bullets &amp; Reloading Brass | Bass Pro Shops,FALSE,Fashion/Women/Clothing
nosler custom competition bullets,Reloading Bullets &amp; Reloading Brass | Bass Pro Shops,FALSE,Home & Living/Stationery/Arts & Crafts
sierra matchking rifle bullets,Reloading Bullets &amp; Reloading Brass | Bass Pro Shops,FALSE,Home & Living/Stationery/School & Office Accessories
berger bullets,Reloading Bullets &amp; Reloading Brass | Bass Pro Shops,FALSE,Home Appliances/Small Kitchen Appliances/Food Preparation/overwritten
hornady hap competition handgun bullets,Reloading Bullets &amp; Reloading Brass | Bass Pro Shops,FALSE,Home & Living/Furniture/Bedroom Furniture/overwritten
hornady match bullets,Reloading Bullets &amp; Reloading Brass | Bass Pro Shops,FALSE,Fashion/Women/Muslim Wear
rcbs rifle die sets,Reloading Dies &amp; Shotgun Shellholders | Bass Pro Shops,FALSE,Home & Living/Stationery/Arts & Crafts
lee pacesetter rifle dies,Reloading Dies &amp; Shotgun Shellholders | Bass Pro Shops,FALSE,Home & Living/Stationery/Arts & Crafts
lee deluxe carbide pistol four die set,Reloading Dies &amp; Shotgun Shellholders | Bass Pro Shops,FALSE,Home & Living/Home Décor/Power Tools Accessories
rcbs shell holders,Reloading Dies &amp; Shotgun Shellholders | Bass Pro Shops,FALSE,Fashion/Women/Clothing
rcbs ar series small base two die set with taper crimp,Reloading Dies &amp; Shotgun Shellholders | Bass Pro Shops,TRUE,Home & Living/Home Improvement/Other Home Decorations
rcbs expander decapping unit,Reloading Dies &amp; Shotgun Shellholders | Bass Pro Shops,TRUE,"TV, Audio / Video, Gaming & Wearables/Televisions/LED Televisions"
hornady shell holders kit,Reloading Dies &amp; Shotgun Shellholders | Bass Pro Shops,FALSE,Cameras/Camera Accessories/Tripods & Monopods
hornady series i 2 die rifle sets,Reloading Dies &amp; Shotgun Shellholders | Bass Pro Shops,FALSE,Home & Living/Home Improvement/Hand Tools/overwritten
rcbs shell holder rack,Reloading Dies &amp; Shotgun Shellholders | Bass Pro Shops,TRUE,Home & Living/Furniture/Kitchen & Dining Furniture
hornady lock n load die bushing,Reloading Dies &amp; Shotgun Shellholders | Bass Pro Shops,TRUE,Home Appliances/Small Kitchen Appliances/Food Preparation
frankford arsenal stainless steel media pins,Reloading Dies &amp; Shotgun Shellholders | Bass Pro Shops,FALSE,Watches Sunglasses Jewellery/Jewellery/Women
hornady universal decapping die,Reloading Dies &amp; Shotgun Shellholders | Bass Pro Shops,TRUE,Home & Living/Home Improvement/Hand Tools
rcbs stuck case remover,Reloading Dies &amp; Shotgun Shellholders | Bass Pro Shops,FALSE,Mobiles & Tablets/Accessories/Phone Cases
rcbs 3 die carbide sets,Reloading Dies &amp; Shotgun Shellholders | Bass Pro Shops,TRUE,Home & Living/Home Improvement/Power Tools Accessories
lee universal shell holder set,Reloading Dies &amp; Shotgun Shellholders | Bass Pro Shops,FALSE,Home & Living/Home Décor/Hardware
lee auto prime shell holder set,Reloading Dies &amp; Shotgun Shellholders | Bass Pro Shops,FALSE,Mobiles & Tablets/Accessories/Phone Cases
lee factory rifle crimp dies,Reloading Dies &amp; Shotgun Shellholders | Bass Pro Shops,FALSE,Home & Living/Stationery/School & Office Accessories
lee breech lock quick change bushings,Reloading Dies &amp; Shotgun Shellholders | Bass Pro Shops,FALSE,Home & Living/Home Improvement/Hardware
hornady pistol bullet feeder dies,Reloading Dies &amp; Shotgun Shellholders | Bass Pro Shops,FALSE,Home & Living/Home Décor/Other Home Decorations
rcbs 3 piece 350 legend roll crimp rifle die set,Reloading Dies &amp; Shotgun Shellholders | Bass Pro Shops,FALSE,Home & Living/Stationery/School & Office Accessories
rcbs 3 die taper crimp rifle die set,Reloading Dies &amp; Shotgun Shellholders | Bass Pro Shops,FALSE,Home & Living/Home Improvement/Electrical/overwritten
lee carbide factory crimp dies pistol and revolver,Reloading Dies &amp; Shotgun Shellholders | Bass Pro Shops,FALSE,Home & Living/Home Décor/Safety & Security
lee three die pistol die set,Reloading Dies &amp; Shotgun Shellholders | Bass Pro Shops,FALSE,Home & Living/Home Décor/Other Home Decorations
hornady shell plates,Reloading Dies &amp; Shotgun Shellholders | Bass Pro Shops,FALSE,Home & Living/Home Décor/Hardware
rcbs neck sizer dies,Reloading Dies &amp; Shotgun Shellholders | Bass Pro Shops,FALSE,Fashion/Women/Clothing
lee replacement turret,Reloading Dies &amp; Shotgun Shellholders | Bass Pro Shops,FALSE,Home & Living/Stationery/Novelty
hornady series ii 3 die rifle set,Reloading Dies &amp; Shotgun Shellholders | Bass Pro Shops,FALSE,Home & Living/Home Improvement/Safety & Security
rcbs tungsten carbide pistol 3 die sets,Reloading Dies &amp; Shotgun Shellholders | Bass Pro Shops,FALSE,Home & Living/Home Décor/Wall Art
rcbs small base rifle two die sets,Reloading Dies &amp; Shotgun Shellholders | Bass Pro Shops,FALSE,Home & Living/Home Improvement/Other Home Decorations/overwritten
hornady series ii 3 die pistol sets,Reloading Dies &amp; Shotgun Shellholders | Bass Pro Shops,TRUE,"TV, Audio / Video, Gaming & Wearables/Wearable Technology/Smart Watches"
hornady pocket swage tool,Reloading Dies &amp; Shotgun Shellholders | Bass Pro Shops,FALSE,Home & Living/Home Improvement/Safety & Security
rcbs replacement headed decapping pins,Reloading Dies &amp; Shotgun Shellholders | Bass Pro Shops,TRUE,"TV, Audio / Video, Gaming & Wearables/Audio/Live Sound & Stage"
hodgdon cfe 223 rifle powder,Reloading Primers &amp; Powders | Bass Pro Shops,FALSE,Health & Beauty/Makeup/Face
hodgdon h4831sc rifle powders,Reloading Primers &amp; Powders | Bass Pro Shops,FALSE,Fashion/Women/Clothing
imr 4895 smokeless reloading powder,Reloading Primers &amp; Powders | Bass Pro Shops,FALSE,Health & Beauty/Food Supplements/Beauty Supplements
cci standard primers,Reloading Primers &amp; Powders | Bass Pro Shops,FALSE,"TV, Audio / Video, Gaming & Wearables/Gaming/PS4"
winchester 41 small rifle primers for 556mm,Reloading Primers &amp; Powders | Bass Pro Shops,FALSE,Home & Living/Home Décor/Housekeeping & Laundry
hodgdon shotgun and pistol powder,Reloading Primers &amp; Powders | Bass Pro Shops,TRUE,Mobiles & Tablets/Accessories/Cables
hodgdon titegroup pistol reloading powder,Reloading Primers &amp; Powders | Bass Pro Shops,FALSE,Health & Beauty/Makeup/Face
ramshot tac smokeless rifle powder,Reloading Primers &amp; Powders | Bass Pro Shops,FALSE,Home & Living/Stationery/Paper Products
hodgdon smokeless reloading powder,Reloading Primers &amp; Powders | Bass Pro Shops,FALSE,Health & Beauty/Beauty Tools/Skin Care Tools
winchester 296 smokeless propellant reloading powder,Reloading Primers &amp; Powders | Bass Pro Shops,FALSE,Health & Beauty/Beauty Tools/Skin Care Tools
hodgdon h4350 smokeless reloading powder,Reloading Primers &amp; Powders | Bass Pro Shops,FALSE,Health & Beauty/Beauty Tools/Skin Care Tools
hodgdon hornady leverevolution rifle powder,Reloading Primers &amp; Powders | Bass Pro Shops,FALSE,Health & Beauty/Makeup/Face
hodgdon hornady superformance rifle powder,Reloading Primers &amp; Powders | Bass Pro Shops,FALSE,Health & Beauty/Makeup/Face
winchester pistol or rifle primers,Reloading Primers &amp; Powders | Bass Pro Shops,FALSE,Home & Living/Home Décor/Housekeeping & Laundry
winchester staball 65 precision rifle ball powder smokeless propellant,Reloading Primers &amp; Powders | Bass Pro Shops,FALSE,Home & Living/Stationery/Writing Utensils
hodgdon bl c2 smokeless rifle powder,Reloading Primers &amp; Powders | Bass Pro Shops,FALSE,Health & Beauty/Makeup/Eyes
winchester wst super target smokeless propellant reloading powder,Reloading Primers &amp; Powders | Bass Pro Shops,FALSE,Home & Living/Home Décor/Housekeeping & Laundry
ramshot x terminator smokeless rifle powder,Reloading Primers &amp; Powders | Bass Pro Shops,FALSE,Health & Beauty/Makeup/Eyes
ramshot silhouette smokeless pistol powder,Reloading Primers &amp; Powders | Bass Pro Shops,FALSE,Health & Beauty/Makeup/Eyes
accurate 1680 smokeless rifle powder,Reloading Primers &amp; Powders | Bass Pro Shops,FALSE,Health & Beauty/Makeup/Eyes
imr 4227 smokeless reloading powder,Reloading Primers &amp; Powders | Bass Pro Shops,FALSE,Health & Beauty/Food Supplements/Beauty Supplements
accurate 2700 smokeless rifle powder,Reloading Primers &amp; Powders | Bass Pro Shops,FALSE,Health & Beauty/Makeup/Eyes
accurate 2200 smokeless rifle powder,Reloading Primers &amp; Powders | Bass Pro Shops,FALSE,Health & Beauty/Makeup/Eyes
accurate 2495 smokeless rifle powder,Reloading Primers &amp; Powders | Bass Pro Shops,FALSE,Health & Beauty/Makeup/Eyes
accurate 2230 smokeless rifle powder,Reloading Primers &amp; Powders | Bass Pro Shops,FALSE,Health & Beauty/Makeup/Eyes
winchester winclean 244 ball powder smokeless propellant,Reloading Primers &amp; Powders | Bass Pro Shops,FALSE,Home & Living/Home Décor/Hand Tools
accurate no 11fs smokeless pistol powder,Reloading Primers &amp; Powders | Bass Pro Shops,FALSE,Health & Beauty/Makeup/Nails
accurate 2015 smokeless rifle powder,Reloading Primers &amp; Powders | Bass Pro Shops,FALSE,Health & Beauty/Makeup/Eyes
accurate 4350 smokeless rifle powder,Reloading Primers &amp; Powders | Bass Pro Shops,FALSE,Health & Beauty/Makeup/Eyes
hodgdon us 869 smokeless rifle powder,Reloading Primers &amp; Powders | Bass Pro Shops,FALSE,Home & Living/Stationery/Novelty
winchester super handicap ball powder smokeless propellent,Reloading Primers &amp; Powders | Bass Pro Shops,FALSE,Home & Living/Stationery/Writing Utensils
imr 4350 smokeless reloading powder,Reloading Primers &amp; Powders | Bass Pro Shops,FALSE,Health & Beauty/Food Supplements/Beauty Supplements
